{
    "uid": "79ff43e5-599a-4d8c-9d94-80de697ff49e",
    "name": "66_NearestNeighbors",
    "preprocessing": [
        {
            "scale": [
                {
                    "scale": [
                        16.03415478992459,
                        30.0532807454685,
                        113.3163167268881,
                        1.5892208494331364,
                        64.68517076443148,
                        2.128080590095733,
                        3.8230520370210064,
                        0.10593972809572821,
                        26.973828099102608,
                        6.577152111105498,
                        0.40757175193197664,
                        12.715614605276484,
                        17.568406083078788,
                        0.5482570004270014,
                        2.3020596068987014,
                        0.37641715768763007
                    ],
                    "mean": [
                        54.98588722834954,
                        24.369920885925737,
                        151.65363026915543,
                        13.13433542943427,
                        240.14862197026707,
                        6.579920833121429,
                        31.40726714089248,
                        0.9928871944370519,
                        110.05545625304549,
                        14.464200357914395,
                        4.137370365591438,
                        23.307061586634994,
                        22.415419421438656,
                        0.8692480747934054,
                        139.47947097786212,
                        4.164613289852848
                    ],
                    "var": [
                        257.09411982726164,
                        903.1996835659477,
                        12840.587636548422,
                        2.5256229082729793,
                        4184.17131682366,
                        4.5287269979422025,
                        14.615726877770467,
                        0.011223225988996827,
                        727.5874023199374,
                        43.25892989261951,
                        0.1661147329729007,
                        161.6868547899206,
                        308.6488922999597,
                        0.3005857385172131,
                        5.299478433714603,
                        0.14168987660163415
                    ],
                    "n_samples_seen": 61292,
                    "n_features_in": 16,
                    "columns": [
                        "age",
                        "bmi",
                        "andur",
                        "preop_hb",
                        "preop_platelet",
                        "preop_wbc",
                        "preop_aptt",
                        "preop_ptinr",
                        "preop_glucose",
                        "preop_bun",
                        "preop_albumin",
                        "preop_ast",
                        "preop_alt",
                        "preop_creatinine",
                        "preop_sodium",
                        "preop_potassium"
                    ],
                    "scale_method": "scale_normal"
                }
            ],
            "ml_task": "binary_classification",
            "params": {
                "columns_preprocessing": {
                    "age": [
                        "scale_normal"
                    ],
                    "bmi": [
                        "scale_normal"
                    ],
                    "andur": [
                        "scale_normal"
                    ],
                    "preop_hb": [
                        "scale_normal"
                    ],
                    "preop_platelet": [
                        "scale_normal"
                    ],
                    "preop_wbc": [
                        "scale_normal"
                    ],
                    "preop_aptt": [
                        "scale_normal"
                    ],
                    "preop_ptinr": [
                        "scale_normal"
                    ],
                    "preop_glucose": [
                        "scale_normal"
                    ],
                    "preop_bun": [
                        "scale_normal"
                    ],
                    "preop_albumin": [
                        "scale_normal"
                    ],
                    "preop_ast": [
                        "scale_normal"
                    ],
                    "preop_alt": [
                        "scale_normal"
                    ],
                    "preop_creatinine": [
                        "scale_normal"
                    ],
                    "preop_sodium": [
                        "scale_normal"
                    ],
                    "preop_potassium": [
                        "scale_normal"
                    ]
                },
                "target_preprocessing": [
                    "na_exclude"
                ],
                "ml_task": "binary_classification"
            }
        }
    ],
    "learners": [
        {
            "library_version": "1.5.2",
            "algorithm_name": "k-Nearest Neighbors",
            "algorithm_short_name": "Nearest Neighbors",
            "uid": "da979e9f-082e-4754-802c-e76af3bb3da7",
            "params": {
                "model_type": "Nearest Neighbors",
                "ml_task": "binary_classification",
                "n_jobs": -1,
                "seed": 1237,
                "n_neighbors": 7,
                "weights": "distance",
                "explain_level": 2
            },
            "name": "learner_fold_0"
        }
    ],
    "params": {
        "additional": {
            "max_rows_limit": 100000,
            "max_cols_limit": 100
        },
        "preprocessing": {
            "columns_preprocessing": {
                "age": [
                    "scale_normal"
                ],
                "bmi": [
                    "scale_normal"
                ],
                "andur": [
                    "scale_normal"
                ],
                "preop_hb": [
                    "scale_normal"
                ],
                "preop_platelet": [
                    "scale_normal"
                ],
                "preop_wbc": [
                    "scale_normal"
                ],
                "preop_aptt": [
                    "scale_normal"
                ],
                "preop_ptinr": [
                    "scale_normal"
                ],
                "preop_glucose": [
                    "scale_normal"
                ],
                "preop_bun": [
                    "scale_normal"
                ],
                "preop_albumin": [
                    "scale_normal"
                ],
                "preop_ast": [
                    "scale_normal"
                ],
                "preop_alt": [
                    "scale_normal"
                ],
                "preop_creatinine": [
                    "scale_normal"
                ],
                "preop_sodium": [
                    "scale_normal"
                ],
                "preop_potassium": [
                    "scale_normal"
                ]
            },
            "target_preprocessing": [
                "na_exclude"
            ],
            "ml_task": "binary_classification"
        },
        "validation_strategy": {
            "validation_type": "split",
            "train_ratio": 0.9,
            "shuffle": true,
            "stratify": true,
            "X_path": "mljar_results_improved/X.data",
            "y_path": "mljar_results_improved/y.data",
            "results_path": "mljar_results_improved"
        },
        "learner": {
            "model_type": "Nearest Neighbors",
            "ml_task": "binary_classification",
            "n_jobs": -1,
            "seed": 1237,
            "n_neighbors": 7,